Model,Accuracy,Precision,Recall,F1 Score,ROC-AUC
Logistic Regression,0.804549,0.640227,0.604278,0.621733,0.84334
Random Forest,0.791045,0.635135,0.502674,0.561194,0.829818
